SoC,Voltage,z_n,z_p,c_n_init,c_p_init
0.0,2.4986349943376567,0.0279,0.9072,924.4107,57247.9488
0.005,2.6057044716596325,0.032267500000000005,0.9039475,1069.1190775000002,57042.70304
0.01,2.6963612134937542,0.036635,0.900695,1213.827455,56837.45728
0.015,2.773221727820572,0.0410025,0.8974425,1358.5358325,56632.211520000004
0.02,2.8384960675577044,0.04537,0.89419,1503.24421,56426.96576
0.025,2.8940538595714003,0.049737500000000004,0.8909375,1647.9525875000002,56221.72
0.03,2.9414803182925726,0.054105,0.8876850000000001,1792.660965,56016.47424
0.035,2.9821238674038835,0.058472500000000004,0.8844325,1937.3693425000001,55811.22848
0.04,3.0171367010449934,0.06284000000000001,0.88118,2082.07772,55605.98272
0.045,3.047509335250225,0.0672075,0.8779275,2226.7860975000003,55400.736959999995
0.05,3.074099910811266,0.071575,0.874675,2371.494475,55195.4912
0.055,3.097658690533021,0.0759425,0.8714225,2516.2028525,54990.24544
0.06,3.1188478336070258,0.08030999999999999,0.86817,2660.9112299999997,54784.99968
0.065,3.138256135038376,0.0846775,0.8649175,2805.6196075000003,54579.75392
0.07,3.156408041980856,0.08904500000000001,0.861665,2950.3279850000004,54374.50816
0.075,3.1737660341452587,0.09341249999999998,0.8584125,3095.0363624999995,54169.2624
0.08,3.1907256198558835,0.09778,0.85516,3239.74474,53964.01664
0.085,3.2076030694100064,0.1021475,0.8519075,3384.4531175,53758.770880000004
0.09,3.2246178320286654,0.106515,0.848655,3529.161495,53553.525120000006
0.095,3.241874233063641,0.1108825,0.8454025000000001,3673.8698725,53348.27936
0.1,3.2593496507997815,0.11524999999999999,0.84215,3818.5782499999996,53143.033599999995
0.105,3.2768972570093067,0.11961749999999999,0.8388975,3963.2866274999997,52937.78784
0.11,3.2942688505089697,0.12398499999999998,0.835645,4107.995005,52732.54208
0.115,3.31115705495073,0.1283525,0.8323925,4252.7033825,52527.29632
0.12,3.327248521644252,0.13271999999999998,0.82914,4397.411759999999,52322.050559999996
0.125,3.342274865735306,0.1370875,0.8258875,4542.1201375,52116.8048
0.13,3.3560488766997163,0.141455,0.822635,4686.828515,51911.55904
0.135,3.368479559522037,0.1458225,0.8193825,4831.536892499999,51706.31328
0.14,3.3795671683827866,0.15019000000000002,0.81613,4976.24527,51501.067520000004
0.145,3.3893847485754627,0.1545575,0.8128775,5120.9536474999995,51295.82176
0.15,3.3980541894572247,0.15892499999999998,0.809625,5265.662025,51090.576
0.155,3.4057232226652583,0.1632925,0.8063724999999999,5410.370402500001,50885.330239999996
0.16,3.4125470096745154,0.16766,0.80312,5555.07878,50680.08448
0.165,3.418675439919838,0.1720275,0.7998675,5699.7871575,50474.83872
0.17,3.4242456503981646,0.176395,0.796615,5844.495535,50269.592959999994
0.175,3.429378568073539,0.1807625,0.7933625,5989.2039125,50064.3472
0.18,3.4341781750333484,0.18513,0.79011,6133.912289999999,49859.10144
0.185,3.4387323976435584,0.18949749999999999,0.7868575,6278.620667499999,49653.85568
0.19,3.443114813648645,0.193865,0.783605,6423.329045,49448.60992
0.195,3.4473866444254835,0.1982325,0.7803525,6568.0374225000005,49243.36416
0.2,3.4515987122322325,0.2026,0.7771,6712.7458,49038.1184
0.205,3.4557931904761148,0.2069675,0.7738475,6857.4541775,48832.87264
0.21,3.460005070251066,0.211335,0.770595,7002.162555,48627.62688
0.215,3.4642633235508753,0.2157025,0.7673425,7146.8709325,48422.381120000005
0.22,3.468591775783097,0.22007,0.7640899999999999,7291.579309999999,48217.13535999999
0.225,3.4730097173849637,0.2244375,0.7608374999999999,7436.2876875,48011.889599999995
0.23,3.477532293215516,0.228805,0.757585,7580.996065,47806.64384
0.235,3.482170713168893,0.23317249999999998,0.7543325,7725.7044424999995,47601.39808
0.24,3.4869323304287696,0.23753999999999997,0.75108,7870.41282,47396.15232
0.245,3.491820635903634,0.2419075,0.7478275,8015.1211975,47190.906559999996
0.25,3.496835218634792,0.246275,0.744575,8159.829575,46985.6608
0.255,3.501971741713856,0.2506425,0.7413225,8304.537952499999,46780.41504
0.26,3.507221980543535,0.25501,0.73807,8449.24633,46575.16928
0.265,3.512573964198438,0.2593775,0.7348175,8593.9547075,46369.923520000004
0.27,3.5180122506224447,0.263745,0.731565,8738.663085,46164.67776
0.275,3.5235183525171823,0.2681125,0.7283124999999999,8883.3714625,45959.43199999999
0.28,3.5290713139466487,0.27248,0.7250599999999999,9028.07984,45754.186239999995
0.285,3.534648419657689,0.27684749999999997,0.7218074999999999,9172.7882175,45548.94048
0.29,3.540226002238184,0.28121499999999994,0.718555,9317.496594999999,45343.69472000001
0.295,3.5457802990102567,0.28558249999999996,0.7153025,9462.204972499998,45138.448959999994
0.3,3.551288303084986,0.28994999999999993,0.71205,9606.913349999997,44933.203199999996
0.305,3.5567285524910015,0.29431749999999995,0.7087975,9751.621727499998,44727.95744
0.31,3.5620818077194407,0.298685,0.705545,9896.330105,44522.71168
0.315,3.5673315801754018,0.30305249999999995,0.7022925,10041.038482499998,44317.46592
0.32,3.572464489748639,0.30741999999999997,0.69904,10185.74686,44112.22016
0.325,3.57747044645137,0.3117875,0.6957875,10330.4552375,43906.9744
0.33,3.5823426663979325,0.31615499999999996,0.692535,10475.163615,43701.72864
0.335,3.5870775444805276,0.3205225,0.6892825,10619.8719925,43496.48288
0.34,3.591674413918188,0.32488999999999996,0.6860299999999999,10764.580369999998,43291.23712
0.345,3.5961352262622976,0.3292574999999999,0.6827775,10909.288747499997,43085.99136
0.35,3.600464184952073,0.33362499999999995,0.6795249999999999,11053.997124999998,42880.745599999995
0.355,3.6046673620806513,0.3379924999999999,0.6762725,11198.705502499997,42675.499840000004
0.36,3.608752322758769,0.34235999999999994,0.67302,11343.413879999998,42470.25408
0.365,3.6127277753946503,0.34672749999999997,0.6697675,11488.1222575,42265.00832
0.37,3.6166032601808933,0.35109499999999993,0.666515,11632.830634999998,42059.762559999996
0.375,3.620388882672664,0.35546249999999996,0.6632625,11777.5390125,41854.5168
0.38,3.6240950948755803,0.35983,0.66001,11922.247389999999,41649.27104
0.385,3.627732522845285,0.36419749999999995,0.6567575,12066.955767499998,41444.02528
0.39,3.6313118373916766,0.368565,0.653505,12211.664144999999,41238.779520000004
0.395,3.6348436629414818,0.3729325,0.6502524999999999,12356.3725225,41033.53375999999
0.4,3.6383385187655355,0.37729999999999997,0.647,12501.080899999999,40828.288
0.405,3.6418067864384733,0.3816675,0.6437474999999999,12645.7892775,40623.042239999995
0.41,3.6452586973966477,0.38603499999999996,0.640495,12790.497655,40417.796480000005
0.415,3.6487043346601653,0.39040249999999993,0.6372424999999999,12935.206032499998,40212.55072
0.42,3.652153643076215,0.39476999999999995,0.63399,13079.914409999998,40007.30496
0.425,3.655616442753933,0.3991374999999999,0.6307375,13224.622787499997,39802.059199999996
0.43,3.659102440650302,0.40350499999999995,0.627485,13369.331164999998,39596.81344
0.435,3.6626212355191092,0.40787249999999997,0.6242325,13514.039542499999,39391.56768
0.44,3.666182311658945,0.41223999999999994,0.62098,13658.747919999998,39186.32192
0.445,3.6697950171214675,0.41660749999999996,0.6177275,13803.456297499999,38981.07616
0.45,3.6734685223198906,0.420975,0.6144749999999999,13948.164675,38775.83039999999
0.455,3.677211755375289,0.42534249999999996,0.6112225,14092.8730525,38570.58464
0.46,3.681033311135022,0.42971,0.6079699999999999,14237.58143,38365.338879999996
0.465,3.6849413316834037,0.43407749999999995,0.6047175,14382.289807499998,38160.09312
0.47,3.68894335742183,0.4384449999999999,0.6014649999999999,14526.998184999997,37954.84735999999
0.475,3.6930461494984153,0.44281249999999994,0.5982125,14671.706562499998,37749.6016
0.48,3.697255486549894,0.4471799999999999,0.5949599999999999,14816.414939999997,37544.35584
0.485,3.701575941365392,0.45154749999999994,0.5917075,14961.123317499998,37339.110080000006
0.49,3.706010646094531,0.45591499999999996,0.588455,15105.831694999999,37133.86431999999
0.495,3.710561057807297,0.46028249999999993,0.5852025,15250.540072499998,36928.618559999995
0.5,3.7152267392667064,0.46464999999999995,0.58195,15395.24845,36723.3728
0.505,3.720005172294186,0.4690175,0.5786975,15539.956827499998,36518.12704
0.51,3.7248916226210573,0.47338499999999994,0.575445,15684.665204999998,36312.88128
0.515,3.7298790751524615,0.47775249999999997,0.5721924999999999,15829.373582499999,36107.635519999996
0.52,3.734958256732696,0.48212,0.56894,15974.08196,35902.38976
0.525,3.7401177595919886,0.48648749999999996,0.5656874999999999,16118.790337499999,35697.14399999999
0.53,3.74534427275683,0.490855,0.562435,16263.498715,35491.89824
0.535,3.750622921253275,0.49522249999999995,0.5591824999999999,16408.207092499997,35286.65248
0.54,3.7559377046971836,0.49959,0.5559299999999999,16552.91547,35081.40671999999
0.545,3.761272018892073,0.5039575000000001,0.5526774999999999,16697.623847500003,34876.160959999994
0.55,3.7666092374882503,0.508325,0.5494249999999999,16842.332225000002,34670.915199999996
0.555,3.7719333266427757,0.5126925,0.5461725,16987.0406025,34465.66944
0.56,3.7772294646945968,0.5170600000000001,0.5429199999999998,17131.748980000004,34260.42367999999
0.565,3.7824846413822315,0.5214274999999999,0.5396675,17276.4573575,34055.177919999995
0.57,3.78768821678282,0.5257949999999999,0.536415,17421.165734999995,33849.93216
0.575,3.7928324280882686,0.5301625,0.5331625,17565.874112499998,33644.6864
0.58,3.797912841254785,0.53453,0.52991,17710.582489999997,33439.44064
0.585,3.8029287528222,0.5388974999999999,0.5266575,17855.290867499996,33234.19488
0.59,3.8078835528769215,0.543265,0.5234049999999999,17999.999245,33028.94911999999
0.595,3.8127850610251284,0.5476325,0.5201525,18144.7076225,32823.70336
0.6,3.8176458407240257,0.5519999999999999,0.5168999999999999,18289.415999999997,32618.457599999994
0.605,3.822483480218371,0.5563675,0.5136475,18434.1243775,32413.211840000004
0.61,3.8273207969779737,0.560735,0.5103949999999999,18578.832755,32207.966079999995
0.615,3.8321858734913476,0.5651025,0.5071424999999999,18723.5411325,32002.720319999997
0.62,3.8371117645201887,0.56947,0.50389,18868.24951,31797.474559999995
0.625,3.8421356355274483,0.5738375,0.5006375,19012.9578875,31592.228799999997
0.63,3.8472970199811463,0.578205,0.49738499999999997,19157.666265,31386.98304
0.635,3.852634865166333,0.5825725,0.4941325,19302.374642500003,31181.737279999998
0.64,3.858183146478775,0.58694,0.4908799999999999,19447.083020000002,30976.491519999996
0.645,3.8639651559393604,0.5913075,0.48762749999999994,19591.7913975,30771.245759999994
0.65,3.8699871541586766,0.5956750000000001,0.48437499999999994,19736.499775000004,30565.999999999996
0.655,3.8762328137052986,0.6000425,0.48112249999999995,19881.2081525,30360.75424
0.66,3.882660443641671,0.60441,0.47786999999999996,20025.91653,30155.508479999997
0.665,3.889204871457389,0.6087775000000001,0.4746174999999999,20170.6249075,29950.262719999995
0.67,3.8957847225188353,0.613145,0.4713649999999999,20315.333285,29745.016959999994
0.675,3.9023139154072197,0.6175125,0.46811249999999993,20460.0416625,29539.771199999996
0.68,3.9087144121020736,0.62188,0.46485999999999994,20604.75004,29334.525439999998
0.685,3.9149266974172314,0.6262475000000001,0.4616074999999999,20749.4584175,29129.279679999992
0.69,3.920915480219339,0.6306149999999999,0.458355,20894.166794999997,28924.03392
0.695,3.9266700553317313,0.6349825,0.45510249999999997,21038.8751725,28718.788159999996
0.7,3.9322005199047467,0.63935,0.45185,21183.58355,28513.5424
0.705,3.9375318555472707,0.6437174999999999,0.4485975,21328.2919275,28308.29664
0.71,3.942697743888141,0.6480849999999999,0.445345,21473.000304999998,28103.05088
0.715,3.9477353183532427,0.6524525,0.44209249999999994,21617.7086825,27897.805119999997
0.72,3.952681338270709,0.65682,0.43883999999999995,21762.41706,27692.559359999996
0.725,3.9575697623525476,0.6611874999999999,0.43558749999999996,21907.1254375,27487.313599999998
0.73,3.9624304441197653,0.665555,0.43233499999999997,22051.833815,27282.06784
0.735,3.9672886071638374,0.6699225,0.4290825,22196.5421925,27076.822079999998
0.74,3.97216479639429,0.67429,0.42582999999999993,22341.250569999997,26871.576319999996
0.745,3.977075076784781,0.6786575,0.42257749999999994,22485.9589475,26666.330559999995
0.75,3.982031326769714,0.683025,0.41932499999999995,22630.667325,26461.084799999997
0.755,3.9870415343445007,0.6873925,0.41607249999999996,22775.375702499998,26255.83904
0.76,3.9921100473736466,0.69176,0.41281999999999996,22920.08408,26050.593279999997
0.765,3.99723775822437,0.6961275,0.4095674999999999,23064.7924575,25845.347519999996
0.77,4.002422220650423,0.700495,0.406315,23209.500835,25640.101759999998
0.775,4.00765770754577,0.7048625000000001,0.4030624999999999,23354.2092125,25434.855999999992
0.78,4.012935224584016,0.70923,0.3998099999999999,23498.91759,25229.610239999995
0.785,4.018242498775653,0.7135975,0.3965574999999999,23643.6259675,25024.364479999993
0.79,4.023563963799615,0.7179650000000001,0.3933049999999999,23788.334345000003,24819.118719999995
0.795,4.028880766252872,0.7223325,0.3900524999999999,23933.042722500002,24613.872959999993
0.8,4.03417081897718,0.7267,0.3867999999999999,24077.7511,24408.627199999995
0.805,4.039408929353934,0.7310675,0.38354749999999993,24222.4594775,24203.381439999997
0.81,4.044567031680824,0.7354350000000001,0.38029499999999994,24367.167855000003,23998.135679999996
0.815,4.049614553067791,0.7398024999999999,0.37704249999999995,24511.8762325,23792.889919999998
0.82,4.054518941192647,0.74417,0.37378999999999996,24656.58461,23587.644159999996
0.825,4.059246379127104,0.7485375,0.37053749999999996,24801.292987499997,23382.3984
0.83,4.063762706635749,0.7529049999999999,0.367285,24946.001364999996,23177.152639999997
0.835,4.0680345582619335,0.7572724999999999,0.3640325,25090.709742499996,22971.90688
0.84,4.072030715697178,0.76164,0.36078,25235.41812,22766.66112
0.845,4.075723655227037,0.7660075,0.3575275,25380.126497499998,22561.41536
0.85,4.079091250743306,0.7703749999999999,0.354275,25524.834874999997,22356.1696
0.855,4.0821185697938205,0.7747425,0.3510224999999999,25669.5432525,22150.923839999992
0.86,4.08479967600693,0.77911,0.3477699999999999,25814.25163,21945.678079999994
0.865,4.087139328330807,0.7834774999999999,0.3445174999999999,25958.960007499998,21740.432319999996
0.87,4.089154448894626,0.787845,0.34126499999999993,26103.668385,21535.186559999995
0.875,4.090875220378197,0.7922125,0.33801249999999994,26248.3767625,21329.940799999997
0.88,4.092345674018807,0.79658,0.33475999999999995,26393.08514,21124.695039999995
0.885,4.093623643652634,0.8009475,0.33150749999999995,26537.793517500002,20919.449279999997
0.89,4.094779991092449,0.805315,0.32825499999999996,26682.501895,20714.20352
0.895,4.095897053403881,0.8096825,0.32500249999999997,26827.2102725,20508.957759999998
0.9,4.09706632065307,0.81405,0.32174999999999987,26971.918650000003,20303.711999999992
0.905,4.098385418441412,0.8184175,0.3184974999999999,27116.627027500002,20098.46623999999
0.91,4.0999545359748675,0.822785,0.3152449999999999,27261.335404999998,19893.220479999993
0.915,4.101872499337808,0.8271525000000001,0.3119924999999999,27406.0437825,19687.974719999995
0.92,4.104232732957557,0.83152,0.3087399999999999,27550.75216,19482.728959999993
0.925,4.107119373372286,0.8358875,0.3054874999999999,27695.4605375,19277.483199999995
0.93,4.110603794548135,0.840255,0.3022349999999999,27840.168915,19072.237439999994
0.935,4.114741772924847,0.8446225,0.29898249999999993,27984.8772925,18866.991679999996
0.94,4.119571466649708,0.8489899999999999,0.29572999999999994,28129.585669999997,18661.745919999998
0.945,4.125112313816793,0.8533575,0.29247749999999995,28274.2940475,18456.500159999996
0.95,4.131364877711163,0.857725,0.28922499999999995,28419.002425,18251.254399999998
0.955,4.138311592324452,0.8620924999999999,0.28597249999999996,28563.710802499998,18046.008639999996
0.96,4.145918297032546,0.8664599999999999,0.28271999999999997,28708.419179999997,17840.76288
0.965,4.154136401402542,0.8708275,0.2794675,28853.1275575,17635.51712
0.97,4.162905492871409,0.875195,0.276215,28997.835935,17430.27136
0.975,4.17215619183091,0.8795624999999999,0.2729625,29142.5443125,17225.0256
0.98,4.181813068263113,0.88393,0.2697099999999999,29287.25269,17019.779839999992
0.985,4.191797457548718,0.8882975,0.2664574999999999,29431.9610675,16814.534079999994
0.99,4.20203004559561,0.8926649999999999,0.2632049999999999,29576.669444999996,16609.288319999996
0.995,4.212433130147183,0.8970325,0.2599524999999999,29721.3778225,16404.042559999994
1.0,4.222932501769457,0.9014,0.25669999999999993,29866.086199999998,16198.796799999995
